,timestamp,gpu_util,gpu_mem_used,cpu_util,cpu_mem_used
0,1736094966.8278697,"[0, 0, 0, 0]","[928710656, 928710656, 928710656, 928710656]",0.0,49359114240
1,1736094967.8340416,"[0, 0, 0, 0]","[928710656, 928710656, 928710656, 928710656]",16.4,50128613376
2,1736094968.8358326,"[0, 0, 0, 0]","[928710656, 928710656, 928710656, 928710656]",6.5,49980973056
3,1736094969.8376617,"[0, 0, 0, 0]","[928710656, 928710656, 928710656, 928710656]",4.7,50179481600
4,1736094970.8395004,"[0, 0, 0, 1]","[928710656, 1368653824, 1368653824, 1368653824]",3.5,50530258944
5,1736094971.8411736,"[0, 0, 0, 0]","[928710656, 1368653824, 1368653824, 1368653824]",4.2,50854764544
6,1736094972.8431113,"[0, 0, 0, 0]","[928710656, 1368653824, 1368653824, 1368653824]",4.8,50846740480
7,1736094973.8448277,"[0, 0, 0, 0]","[928710656, 1368653824, 1368653824, 1368653824]",5.4,50841554944
8,1736094974.8468177,"[0, 0, 0, 0]","[928710656, 1368653824, 1368653824, 1368653824]",3.8,51228024832
9,1736094975.848737,"[0, 0, 0, 0]","[928710656, 1368653824, 1368653824, 1368653824]",3.5,51211128832
10,1736094976.8507302,"[0, 0, 0, 0]","[928710656, 1368653824, 1368653824, 1368653824]",5.3,51199721472
11,1736094977.8526678,"[0, 0, 0, 0]","[928710656, 1368653824, 1368653824, 1368653824]",46.4,51414355968
12,1736094978.8546426,"[0, 0, 0, 0]","[928710656, 1368653824, 1368653824, 1368653824]",94.5,53102645248
13,1736094979.8565788,"[0, 0, 0, 0]","[928710656, 1368653824, 1368653824, 1368653824]",94.6,54771163136
14,1736094980.8584807,"[0, 0, 0, 0]","[928710656, 1368653824, 1368653824, 1368653824]",96.3,56453206016
15,1736094981.8604248,"[0, 0, 0, 0]","[928710656, 1368653824, 1368653824, 1368653824]",95.9,58109583360
16,1736094982.8614306,"[0, 0, 0, 0]","[928710656, 1368653824, 1368653824, 1368653824]",95.2,59728510976
17,1736094983.863382,"[0, 0, 0, 0]","[928710656, 1368653824, 1368653824, 1368653824]",96.0,61122449408
18,1736094984.8654218,"[0, 0, 0, 0]","[928710656, 1368653824, 1368653824, 1368653824]",93.2,62673276928
19,1736094985.8692815,"[0, 0, 0, 0]","[928710656, 1368653824, 1368653824, 1368653824]",96.1,64356749312
20,1736094986.8713474,"[0, 0, 0, 0]","[928710656, 1368653824, 1368653824, 1368653824]",96.1,66002460672
21,1736094987.873298,"[0, 0, 0, 0]","[928710656, 1368653824, 1368653824, 1368653824]",94.6,67575382016
22,1736094988.875305,"[0, 0, 0, 0]","[928710656, 1368653824, 1368653824, 1368653824]",95.3,69208236032
23,1736094989.877239,"[0, 0, 0, 0]","[928710656, 1368653824, 1368653824, 1368653824]",95.3,70712573952
24,1736094990.8792357,"[0, 0, 0, 0]","[928710656, 1368653824, 1368653824, 1368653824]",95.1,72168157184
25,1736094991.8811674,"[0, 0, 0, 0]","[928710656, 1368653824, 1368653824, 1368653824]",94.3,73722359808
26,1736094992.8831918,"[0, 0, 0, 0]","[928710656, 1368653824, 1368653824, 1368653824]",93.5,75299708928
27,1736094993.8851304,"[0, 0, 0, 0]","[928710656, 1368653824, 1368653824, 1368653824]",93.7,76879544320
28,1736094994.88715,"[0, 0, 0, 0]","[928710656, 1368653824, 1368653824, 1368653824]",92.6,79103586304
29,1736094995.889076,"[0, 0, 0, 0]","[928710656, 1368653824, 1368653824, 1368653824]",92.4,82166046720
30,1736094996.8910594,"[0, 0, 0, 0]","[928710656, 1368653824, 1368653824, 1368653824]",91.3,83450687488
31,1736094997.8929968,"[0, 0, 0, 0]","[928710656, 1368653824, 1368653824, 1368653824]",89.7,83926552576
32,1736094998.8950312,"[0, 0, 0, 0]","[928710656, 1368653824, 1368653824, 1368653824]",89.5,85404295168
33,1736094999.8969843,"[0, 0, 0, 0]","[928710656, 1368653824, 1368653824, 1368653824]",90.4,86856388608
34,1736095000.898978,"[0, 0, 0, 0]","[928710656, 1368653824, 1368653824, 1368653824]",90.0,88303427584
35,1736095001.9008384,"[0, 0, 0, 0]","[928710656, 1368653824, 1368653824, 1368653824]",89.6,89741586432
36,1736095002.902726,"[0, 0, 0, 0]","[928710656, 1368653824, 1368653824, 1368653824]",85.4,91448897536
37,1736095003.9049785,"[0, 0, 0, 0]","[928710656, 1368653824, 1368653824, 1368653824]",6.0,91521884160
38,1736095004.90702,"[0, 0, 0, 0]","[928710656, 1368653824, 1368653824, 1368653824]",4.8,91505180672
39,1736095005.9091713,"[0, 0, 0, 0]","[928710656, 1368653824, 1368653824, 1368653824]",4.6,91496517632
40,1736095006.9110162,"[0, 0, 0, 0]","[928710656, 1368653824, 1368653824, 1368653824]",38.5,91839447040
41,1736095007.9130366,"[0, 0, 0, 0]","[928710656, 1368653824, 1368653824, 1368653824]",93.1,93350252544
42,1736095008.9150968,"[0, 0, 0, 0]","[928710656, 1368653824, 1368653824, 1368653824]",92.2,94846545920
43,1736095009.9170675,"[0, 0, 0, 0]","[928710656, 1368653824, 1368653824, 1368653824]",93.8,96378429440
44,1736095010.919094,"[0, 0, 0, 0]","[928710656, 1368653824, 1368653824, 1368653824]",93.6,97910939648
45,1736095011.9210346,"[0, 0, 0, 0]","[928710656, 1368653824, 1368653824, 1368653824]",92.9,99413929984
46,1736095012.923159,"[0, 0, 0, 0]","[928710656, 1368653824, 1368653824, 1368653824]",93.4,100901994496
47,1736095013.9252384,"[0, 0, 0, 0]","[928710656, 1368653824, 1368653824, 1368653824]",90.8,102085001216
48,1736095014.927243,"[0, 0, 0, 0]","[928710656, 1368653824, 1368653824, 1368653824]",87.2,103492796416
49,1736095015.9291966,"[0, 0, 0, 0]","[928710656, 1368653824, 1368653824, 1368653824]",88.5,104971227136
50,1736095016.9311686,"[0, 0, 0, 0]","[928710656, 1368653824, 1368653824, 1368653824]",88.8,106379354112
51,1736095017.9330542,"[0, 0, 0, 0]","[928710656, 1368653824, 1368653824, 1368653824]",89.4,107813326848
52,1736095018.9351707,"[0, 0, 0, 0]","[928710656, 1368653824, 1368653824, 1368653824]",88.1,109220061184
53,1736095019.9374483,"[0, 0, 0, 0]","[928710656, 1368653824, 1368653824, 1368653824]",88.3,110567677952
54,1736095020.9393594,"[0, 0, 0, 0]","[928710656, 1368653824, 1368653824, 1368653824]",88.0,111760715776
55,1736095021.9412854,"[0, 0, 0, 0]","[928710656, 1368653824, 1368653824, 1368653824]",85.2,112900415488
56,1736095022.9432547,"[0, 0, 0, 0]","[928710656, 1368653824, 1368653824, 1368653824]",88.1,114331525120
57,1736095023.9451375,"[0, 0, 0, 0]","[928710656, 1368653824, 1368653824, 1368653824]",90.0,115792556032
58,1736095024.947132,"[0, 0, 0, 0]","[928710656, 1368653824, 1368653824, 1368653824]",88.4,117191335936
59,1736095025.949087,"[0, 0, 0, 0]","[928710656, 1368653824, 1368653824, 1368653824]",89.1,118634078208
60,1736095026.9556007,"[0, 0, 0, 0]","[928710656, 1368653824, 1368653824, 1368653824]",87.1,119979114496
61,1736095027.9574244,"[0, 0, 0, 0]","[928710656, 1368653824, 1368653824, 1368653824]",88.8,121197670400
62,1736095028.9593086,"[0, 0, 0, 0]","[928710656, 1368653824, 1368653824, 1368653824]",85.7,122495332352
63,1736095029.9612532,"[0, 0, 0, 0]","[928710656, 1368653824, 1368653824, 1368653824]",84.6,123766345728
64,1736095030.9633024,"[0, 0, 0, 0]","[928710656, 1368653824, 1368653824, 1368653824]",87.9,125178515456
65,1736095031.9652593,"[0, 0, 0, 0]","[928710656, 1368653824, 1368653824, 1368653824]",87.0,126619131904
66,1736095032.967264,"[0, 0, 0, 0]","[928710656, 1368653824, 1368653824, 1368653824]",85.4,128044392448
67,1736095033.9692135,"[0, 0, 0, 0]","[928710656, 1368653824, 1368653824, 1368653824]",87.0,129542897664
68,1736095034.9712763,"[0, 0, 0, 0]","[928710656, 1368653824, 1368653824, 1368653824]",63.8,131479670784
69,1736095035.9734058,"[0, 0, 0, 0]","[928710656, 1368653824, 1368653824, 1368653824]",4.8,131563552768
70,1736095036.9750571,"[0, 0, 0, 0]","[928710656, 1368653824, 1368653824, 1368653824]",6.2,131608743936
71,1736095037.9767861,"[0, 0, 0, 0]","[928710656, 1368653824, 1368653824, 1368653824]",4.0,131604226048
72,1736095038.9787855,"[0, 0, 0, 0]","[928710656, 1368653824, 1368653824, 1368653824]",10.2,131647655936
73,1736095039.9804134,"[0, 0, 0, 0]","[928710656, 1368653824, 1368653824, 1368653824]",89.6,132910592000
74,1736095040.9814396,"[0, 0, 0, 0]","[928710656, 1368653824, 1368653824, 1368653824]",85.9,134305505280
75,1736095041.9833977,"[0, 0, 0, 0]","[928710656, 1368653824, 1368653824, 1368653824]",87.8,135714062336
76,1736095042.9853568,"[0, 0, 0, 0]","[928710656, 1368653824, 1368653824, 1368653824]",88.3,137108873216
77,1736095043.987274,"[0, 0, 0, 0]","[928710656, 1368653824, 1368653824, 1368653824]",88.8,138543808512
78,1736095044.992935,"[0, 0, 0, 0]","[928710656, 1368653824, 1368653824, 1368653824]",92.4,140020531200
79,1736095045.99571,"[0, 0, 0, 0]","[928710656, 1368653824, 1368653824, 1368653824]",91.5,141418323968
80,1736095046.9974313,"[0, 0, 0, 0]","[928710656, 1368653824, 1368653824, 1368653824]",89.3,142429216768
81,1736095047.9994085,"[0, 0, 0, 0]","[928710656, 1368653824, 1368653824, 1368653824]",90.5,143918448640
82,1736095049.0014334,"[0, 0, 0, 0]","[928710656, 1368653824, 1368653824, 1368653824]",91.5,145380507648
83,1736095050.003378,"[0, 0, 0, 0]","[928710656, 1368653824, 1368653824, 1368653824]",90.3,146836967424
84,1736095051.0052998,"[0, 0, 0, 0]","[928710656, 1368653824, 1368653824, 1368653824]",92.0,148309692416
85,1736095052.0073462,"[0, 0, 0, 0]","[928710656, 1368653824, 1368653824, 1368653824]",90.5,149741330432
86,1736095053.0092297,"[0, 0, 0, 0]","[928710656, 1368653824, 1368653824, 1368653824]",86.4,151101489152
87,1736095054.011254,"[0, 0, 0, 0]","[928710656, 1368653824, 1368653824, 1368653824]",91.0,152099119104
88,1736095055.0132337,"[0, 0, 0, 0]","[928710656, 1368653824, 1368653824, 1368653824]",90.2,153553727488
89,1736095056.015249,"[0, 0, 0, 0]","[928710656, 1368653824, 1368653824, 1368653824]",91.6,155080044544
90,1736095057.0171883,"[0, 0, 0, 0]","[928710656, 1368653824, 1368653824, 1368653824]",90.4,156586700800
91,1736095058.0192072,"[0, 0, 0, 0]","[928710656, 1368653824, 1368653824, 1368653824]",90.6,158092349440
92,1736095059.0211535,"[0, 0, 0, 0]","[928710656, 1368653824, 1368653824, 1368653824]",90.9,159631204352
93,1736095060.0231485,"[0, 0, 0, 0]","[928710656, 1368653824, 1368653824, 1368653824]",89.8,161135554560
94,1736095061.025102,"[0, 0, 0, 0]","[928710656, 1368653824, 1368653824, 1368653824]",89.9,162174554112
95,1736095062.0271049,"[0, 0, 0, 0]","[928710656, 1368653824, 1368653824, 1368653824]",89.1,163665301504
96,1736095063.0290635,"[0, 0, 0, 0]","[928710656, 1368653824, 1368653824, 1368653824]",92.3,165203685376
97,1736095064.0310988,"[0, 0, 0, 0]","[928710656, 1368653824, 1368653824, 1368653824]",92.0,166773010432
98,1736095065.0330462,"[0, 0, 0, 0]","[928710656, 1368653824, 1368653824, 1368653824]",90.6,168294752256
99,1736095066.0350728,"[0, 0, 0, 0]","[928710656, 1368653824, 1368653824, 1368653824]",89.1,169816694784
100,1736095067.0369806,"[0, 0, 0, 0]","[928710656, 1368653824, 1368653824, 1368653824]",90.1,171297964032
101,1736095068.0390046,"[0, 0, 0, 0]","[928710656, 1368653824, 1368653824, 1368653824]",24.6,172850720768
102,1736095069.0412235,"[0, 0, 0, 0]","[928710656, 1368653824, 1368653824, 1368653824]",33.3,165067620352
103,1736095070.0434394,"[0, 0, 0, 0]","[928710656, 1368653824, 1368653824, 1368653824]",19.2,157586128896
104,1736095071.0454996,"[0, 0, 0, 0]","[928710656, 1368653824, 1368653824, 1368653824]",21.1,147563896832
105,1736095072.0478349,"[0, 0, 0, 0]","[928710656, 1368653824, 1368653824, 1368653824]",22.8,137365159936
106,1736095073.049439,"[0, 0, 0, 0]","[928710656, 1368653824, 1368653824, 1368653824]",30.3,128081002496
107,1736095074.0514808,"[0, 0, 0, 0]","[928710656, 1368653824, 1368653824, 1368653824]",25.6,119311732736
108,1736095075.053517,"[0, 0, 0, 0]","[928710656, 1368653824, 1368653824, 1368653824]",20.1,109454307328
109,1736095076.05553,"[0, 0, 0, 0]","[928710656, 1368653824, 1368653824, 1368653824]",16.2,101893177344
110,1736095077.0574343,"[0, 0, 0, 0]","[928710656, 1368653824, 1368653824, 1368653824]",16.5,95562870784
111,1736095078.0596333,"[0, 0, 0, 0]","[928710656, 1368653824, 1368653824, 1368653824]",19.2,87695400960
112,1736095079.0614326,"[8, 0, 3, 6]","[2100559872, 2301886464, 2100559872, 2100559872]",40.9,79807279104
113,1736095080.0634382,"[0, 0, 0, 0]","[2100559872, 2301886464, 2100559872, 2100559872]",94.4,80081330176
114,1736095081.0684347,"[0, 0, 0, 0]","[2100559872, 2503213056, 2100559872, 2100559872]",94.6,80185143296
115,1736095082.0706336,"[0, 0, 4, 0]","[2301886464, 2503213056, 2301886464, 2100559872]",94.0,78005751808
116,1736095083.072726,"[0, 0, 0, 0]","[2301886464, 2503213056, 2301886464, 2301886464]",93.5,78099165184
117,1736095084.074919,"[0, 0, 0, 0]","[2301886464, 2704539648, 2301886464, 2301886464]",94.7,78166495232
118,1736095085.081021,"[5, 0, 0, 0]","[2503213056, 2704539648, 2503213056, 2301886464]",92.9,78159740928
119,1736095086.0831501,"[0, 5, 0, 0]","[2503213056, 2905866240, 2503213056, 2503213056]",94.4,78029676544
120,1736095087.0850308,"[0, 0, 0, 0]","[2503213056, 2905866240, 2704539648, 2503213056]",94.0,78233550848
121,1736095088.0869625,"[0, 0, 0, 0]","[2704539648, 2905866240, 2704539648, 2503213056]",95.0,78109487104
122,1736095089.0887666,"[0, 0, 0, 0]","[2704539648, 3107192832, 2704539648, 2503213056]",94.4,78312124416
123,1736095090.0906663,"[0, 0, 4, 0]","[2704539648, 3107192832, 2905866240, 2704539648]",94.2,78195982336
124,1736095091.0925808,"[0, 0, 0, 0]","[2905866240, 3308519424, 2905866240, 2704539648]",92.6,78149771264
125,1736095092.094488,"[0, 0, 0, 0]","[2905866240, 3308519424, 2905866240, 2704539648]",94.1,78235885568
126,1736095093.0963051,"[0, 0, 4, 0]","[2905866240, 3308519424, 3107192832, 2905866240]",93.6,77975080960
127,1736095094.097423,"[0, 5, 0, 0]","[2905866240, 3509846016, 3107192832, 2905866240]",94.0,76710633472
128,1736095095.0992978,"[0, 0, 0, 0]","[3107192832, 3509846016, 3107192832, 2905866240]",94.6,72453349376
129,1736095096.1013732,"[0, 0, 0, 5]","[3107192832, 3509846016, 3308519424, 3107192832]",94.5,72655679488
130,1736095097.1034946,"[0, 0, 0, 0]","[3107192832, 3711172608, 3308519424, 3107192832]",94.3,72830189568
131,1736095098.1054602,"[0, 0, 0, 0]","[3308519424, 3711172608, 3308519424, 3107192832]",92.8,72784396288
132,1736095099.1075501,"[0, 0, 0, 0]","[3308519424, 3711172608, 3509846016, 3308519424]",93.1,72964677632
133,1736095100.1094456,"[0, 0, 0, 0]","[3308519424, 3912499200, 3509846016, 3308519424]",93.2,73101856768
134,1736095101.1115189,"[0, 0, 0, 0]","[3509846016, 3912499200, 3509846016, 3308519424]",92.2,73223495680
135,1736095102.1134553,"[0, 0, 0, 0]","[3509846016, 4113825792, 3711172608, 3308519424]",93.9,73282498560
136,1736095103.1155307,"[0, 0, 0, 0]","[3509846016, 4113825792, 3711172608, 3509846016]",96.1,73469485056
137,1736095104.11746,"[5, 0, 0, 0]","[3711172608, 4113825792, 3912499200, 3509846016]",96.3,73510121472
138,1736095105.1195838,"[0, 5, 0, 0]","[3711172608, 4315152384, 3912499200, 3509846016]",91.7,73688518656
139,1736095106.1214545,"[0, 0, 0, 0]","[3711172608, 4315152384, 3912499200, 3711172608]",92.9,73834201088
140,1736095107.123563,"[0, 0, 0, 0]","[3711172608, 4315152384, 4113825792, 3711172608]",93.6,74036912128
141,1736095108.1254542,"[0, 4, 0, 0]","[3912499200, 4516478976, 4113825792, 3912499200]",91.7,73983016960
142,1736095109.127539,"[0, 0, 0, 0]","[3912499200, 4516478976, 4113825792, 3912499200]",94.8,74235260928
143,1736095110.129498,"[0, 0, 0, 0]","[3912499200, 4516478976, 4315152384, 3912499200]",91.9,74384633856
144,1736095111.1316469,"[0, 5, 0, 0]","[4113825792, 4717805568, 4315152384, 3912499200]",94.1,74389188608
145,1736095112.1334496,"[0, 0, 0, 0]","[4113825792, 4717805568, 4315152384, 4113825792]",93.9,74548338688
146,1736095113.1355402,"[0, 0, 0, 0]","[4113825792, 4717805568, 4516478976, 4113825792]",91.6,74653929472
147,1736095114.1374555,"[0, 0, 0, 0]","[4315152384, 4919132160, 4516478976, 4113825792]",92.6,74676948992
148,1736095115.1395247,"[0, 0, 0, 0]","[4315152384, 4919132160, 4516478976, 4315152384]",93.4,74849153024
149,1736095116.1414547,"[0, 0, 0, 0]","[4315152384, 4919132160, 4717805568, 4315152384]",94.7,75007729664
150,1736095117.1435862,"[5, 0, 0, 5]","[4516478976, 5120458752, 4717805568, 4516478976]",91.6,74994860032
151,1736095118.1454508,"[0, 0, 0, 5]","[4516478976, 5120458752, 4717805568, 4717805568]",88.8,75165372416
152,1736095119.147516,"[0, 0, 0, 0]","[4516478976, 5120458752, 4717805568, 4717805568]",93.4,75452882944
153,1736095120.1494508,"[0, 0, 0, 0]","[4516478976, 5321785344, 4919132160, 4717805568]",95.1,75625132032
154,1736095121.151517,"[0, 0, 0, 0]","[4717805568, 5321785344, 4919132160, 4919132160]",93.7,75533553664
155,1736095122.1534534,"[0, 0, 0, 0]","[4717805568, 5321785344, 4919132160, 4919132160]",93.0,75674112000
156,1736095123.1555462,"[0, 0, 0, 0]","[4717805568, 5523111936, 5120458752, 4919132160]",92.2,75828105216
157,1736095124.1574843,"[0, 0, 0, 5]","[4919132160, 5523111936, 5120458752, 5120458752]",93.1,75840200704
158,1736095125.159836,"[0, 0, 0, 0]","[4919132160, 5523111936, 5321785344, 5120458752]",91.1,76017434624
159,1736095126.161476,"[0, 0, 0, 0]","[4919132160, 5724438528, 5321785344, 5120458752]",94.4,76151586816
160,1736095127.1634023,"[0, 0, 0, 0]","[5120458752, 5724438528, 5321785344, 5120458752]",91.0,76056338432
161,1736095128.1653697,"[0, 0, 0, 0]","[5120458752, 5724438528, 5523111936, 5321785344]",93.4,76232364032
162,1736095129.1673167,"[0, 0, 0, 0]","[5120458752, 5925765120, 5523111936, 5321785344]",91.5,76397842432
163,1736095130.169149,"[0, 0, 0, 0]","[5321785344, 5925765120, 5724438528, 5321785344]",92.7,76372426752
164,1736095131.1711457,"[0, 0, 0, 0]","[5321785344, 6127091712, 5724438528, 5523111936]",93.4,76539420672
165,1736095132.1731203,"[0, 0, 0, 0]","[5321785344, 6127091712, 5724438528, 5523111936]",92.7,76713345024
166,1736095133.1750681,"[0, 0, 0, 0]","[5523111936, 6127091712, 5925765120, 5523111936]",91.2,76629241856
167,1736095134.176948,"[0, 5, 0, 0]","[5523111936, 6328418304, 5925765120, 5724438528]",93.0,76689940480
168,1736095135.178907,"[0, 0, 0, 0]","[5523111936, 6328418304, 5925765120, 5724438528]",90.6,76846698496
169,1736095136.1808789,"[0, 0, 0, 0]","[5724438528, 6529744896, 6328418304, 6127091712]",86.2,76813455360
170,1736095137.186929,"[0, 0, 0, 0]","[5724438528, 6731071488, 6328418304, 6127091712]",92.7,76980477952
171,1736095138.1888585,"[0, 0, 0, 0]","[5724438528, 6731071488, 6328418304, 6127091712]",90.6,77155700736
172,1736095139.1908045,"[0, 0, 0, 0]","[5925765120, 6731071488, 6529744896, 6328418304]",92.6,77437091840
173,1736095140.1926754,"[0, 6, 0, 0]","[5925765120, 6932398080, 6529744896, 6328418304]",92.0,76759752704
174,1736095141.194582,"[0, 0, 0, 0]","[5925765120, 6932398080, 6731071488, 6328418304]",94.5,76079464448
175,1736095142.1965318,"[5, 0, 0, 0]","[6932398080, 6932398080, 6932398080, 6932398080]",57.4,71920164864
176,1736095143.1987753,"[0, 0, 0, 0]","[6932398080, 6932398080, 6932398080, 6932398080]",12.0,72009392128
177,1736095144.2008872,"[0, 0, 0, 0]","[6932398080, 6932398080, 6932398080, 6932398080]",8.0,72187760640
178,1736095145.2029788,"[0, 0, 0, 0]","[6932398080, 6932398080, 6932398080, 6932398080]",3.3,72362602496
179,1736095146.204847,"[0, 0, 0, 0]","[6932398080, 6932398080, 6932398080, 6932398080]",2.8,72541310976
180,1736095147.2067323,"[0, 0, 0, 0]","[6932398080, 6932398080, 6932398080, 6932398080]",4.8,72713781248
181,1736095148.2085803,"[0, 0, 0, 0]","[6932398080, 6932398080, 6932398080, 6932398080]",2.7,72881455104
182,1736095149.2104406,"[0, 0, 7, 0]","[7288913920, 7320371200, 7320371200, 7863533568]",6.2,73109909504
183,1736095150.2121918,"[0, 0, 0, 0]","[9012772864, 9012772864, 9012772864, 9012772864]",4.2,73743278080
184,1736095151.2168608,"[0, 0, 0, 0]","[10059251712, 10212343808, 10212343808, 10063446016]",5.9,73807630336
185,1736095152.219177,"[0, 0, 0, 0]","[10453516288, 10604511232, 10604511232, 10453516288]",5.8,74003894272
186,1736095153.221199,"[26, 23, 35, 29]","[10711465984, 10862460928, 10862460928, 10711465984]",5.9,74112507904
187,1736095154.223169,"[0, 61, 0, 0]","[10711465984, 10862460928, 10862460928, 10711465984]",6.3,74264428544
188,1736095155.2251081,"[1, 1, 0, 1]","[10711465984, 10862460928, 10862460928, 10711465984]",6.9,74427150336
189,1736095156.2271063,"[0, 0, 0, 0]","[10711465984, 10862460928, 10862460928, 10711465984]",5.7,74575491072
190,1736095157.2314243,"[50, 24, 31, 42]","[10711465984, 10862460928, 10862460928, 10711465984]",7.2,74737762304
191,1736095158.2334104,"[25, 18, 55, 55]","[11097341952, 11248336896, 11248336896, 11097341952]",5.7,74892734464
192,1736095159.2352948,"[43, 47, 22, 51]","[11097341952, 11248336896, 11248336896, 11097341952]",7.5,74998624256
193,1736095160.2369561,"[59, 62, 46, 44]","[11097341952, 11248336896, 11248336896, 11097341952]",5.5,74998349824
194,1736095161.2387164,"[41, 39, 34, 61]","[11097341952, 11248336896, 11248336896, 11097341952]",5.7,75043311616
195,1736095162.2404306,"[22, 23, 39, 31]","[11097341952, 11248336896, 11248336896, 11097341952]",5.5,75226836992
196,1736095163.242233,"[45, 48, 23, 54]","[11097341952, 11248336896, 11248336896, 11097341952]",5.6,75415842816
197,1736095164.2440841,"[33, 29, 63, 24]","[11097341952, 11248336896, 11248336896, 11097341952]",6.2,75587022848
198,1736095165.2460325,"[29, 31, 40, 37]","[11097341952, 11248336896, 11248336896, 11097341952]",6.7,75769618432
199,1736095166.2479053,"[50, 49, 28, 59]","[11097341952, 11248336896, 11248336896, 11097341952]",5.9,75943346176
200,1736095167.2497375,"[60, 60, 53, 59]","[11097341952, 11248336896, 11248336896, 11097341952]",8.6,76103733248
201,1736095168.2515826,"[35, 34, 25, 28]","[11099439104, 11250434048, 11250434048, 11099439104]",5.5,76565291008
202,1736095169.2534018,"[26, 27, 42, 35]","[11099439104, 11250434048, 11250434048, 11099439104]",5.5,76954951680
203,1736095170.2552025,"[48, 52, 61, 58]","[11099439104, 11250434048, 11250434048, 11099439104]",5.8,77129396224
204,1736095171.2570605,"[50, 51, 80, 67]","[11099439104, 11250434048, 11250434048, 11099439104]",7.1,77282689024
205,1736095172.2589931,"[48, 54, 61, 60]","[11099439104, 11250434048, 11250434048, 11099439104]",6.5,77280616448
206,1736095173.2607296,"[60, 61, 48, 55]","[11099439104, 11250434048, 11250434048, 11099439104]",7.3,77267771392
207,1736095174.26266,"[69, 73, 27, 26]","[11099439104, 11250434048, 11250434048, 11099439104]",7.3,77347438592
208,1736095175.2645195,"[62, 63, 49, 64]","[11099439104, 11250434048, 11250434048, 11099439104]",5.8,77524676608
209,1736095176.2664497,"[33, 34, 24, 28]","[11099439104, 11250434048, 11250434048, 11099439104]",5.8,77694672896
210,1736095177.268311,"[25, 28, 39, 34]","[11099439104, 11250434048, 11250434048, 11099439104]",7.5,77866934272
211,1736095178.2702382,"[46, 48, 56, 56]","[11099439104, 11250434048, 11250434048, 11099439104]",5.6,78038347776
212,1736095179.2719731,"[61, 62, 63, 62]","[11099439104, 11250434048, 11250434048, 11099439104]",5.5,78218072064
213,1736095180.2737362,"[46, 47, 37, 39]","[11099439104, 11250434048, 11250434048, 11099439104]",5.5,78380572672
214,1736095181.27547,"[26, 25, 24, 21]","[11099439104, 11250434048, 11250434048, 11099439104]",5.9,78561054720
215,1736095182.2772322,"[33, 33, 44, 40]","[11099439104, 11250434048, 11250434048, 11099439104]",5.6,78738894848
216,1736095183.2790012,"[56, 57, 60, 62]","[11099439104, 11250434048, 11250434048, 11099439104]",6.6,78914756608
217,1736095184.2808766,"[61, 62, 52, 59]","[11099439104, 11250434048, 11250434048, 11099439104]",6.0,79095705600
218,1736095185.2827117,"[37, 35, 26, 30]","[11099439104, 11250434048, 11250434048, 11099439104]",6.5,79288127488
219,1736095186.2845316,"[0, 23, 12, 7]","[11099439104, 11250434048, 11250434048, 11099439104]",6.0,79474864128
220,1736095187.286516,"[54, 49, 37, 41]","[11099439104, 11250434048, 11250434048, 11099439104]",8.2,79452774400
221,1736095188.2884111,"[46, 26, 22, 22]","[11099439104, 11250434048, 11250434048, 11099439104]",5.7,79432093696
222,1736095189.2904394,"[30, 32, 42, 41]","[11099439104, 11250434048, 11250434048, 11099439104]",5.5,79419404288
223,1736095190.2920725,"[49, 50, 60, 58]","[11099439104, 11250434048, 11250434048, 11099439104]",5.8,79082156032
224,1736095191.2940514,"[59, 62, 63, 61]","[11099439104, 11250434048, 11250434048, 11099439104]",6.5,79069294592
225,1736095192.2959793,"[47, 30, 33, 38]","[11099439104, 11250434048, 11250434048, 11099439104]",7.2,78092808192
226,1736095193.2980053,"[23, 24, 26, 24]","[11099439104, 11250434048, 11250434048, 11099439104]",4.8,78142050304
227,1736095194.2997808,"[33, 37, 46, 43]","[11099439104, 11250434048, 11250434048, 11099439104]",4.7,78132555776
228,1736095195.301448,"[54, 56, 62, 60]","[11099439104, 11250434048, 11250434048, 11099439104]",4.9,78122708992
229,1736095196.3034015,"[28, 61, 58, 62]","[11099439104, 11250434048, 11250434048, 11099439104]",5.9,78110949376
230,1736095197.3051672,"[39, 37, 29, 32]","[11099439104, 11250434048, 11250434048, 11099439104]",7.9,78092935168
231,1736095198.3071737,"[20, 22, 32, 29]","[11099439104, 11250434048, 11250434048, 11099439104]",5.8,78083919872
232,1736095199.3090754,"[40, 62, 51, 49]","[11099439104, 11250434048, 11250434048, 11099439104]",4.7,78073454592
233,1736095200.3109982,"[41, 39, 62, 63]","[11099439104, 11250434048, 11250434048, 11099439104]",4.7,78064443392
234,1736095201.312834,"[61, 60, 44, 49]","[11099439104, 11250434048, 11250434048, 11099439104]",4.8,78121459712
235,1736095202.3151736,"[36, 36, 25, 27]","[11099439104, 11250434048, 11250434048, 11099439104]",5.2,78181126144
236,1736095203.3172038,"[58, 24, 34, 33]","[11099439104, 11250434048, 11250434048, 11099439104]",4.8,78167052288
237,1736095204.3192184,"[61, 61, 55, 51]","[11099439104, 11250434048, 11250434048, 11099439104]",4.7,78202359808
238,1736095205.3212302,"[38, 63, 62, 61]","[11099439104, 11250434048, 11250434048, 11099439104]",5.2,78201745408
239,1736095206.323373,"[60, 57, 42, 46]","[11099439104, 11250434048, 11250434048, 11099439104]",4.9,78201053184
240,1736095207.3254461,"[31, 45, 19, 54]","[11099439104, 11250434048, 11250434048, 11099439104]",7.4,78485561344
241,1736095208.3275123,"[61, 61, 40, 39]","[11099439104, 11250434048, 11250434048, 11099439104]",4.8,78479478784
242,1736095209.3295455,"[58, 50, 59, 57]","[11099439104, 11250434048, 11250434048, 11099439104]",5.4,78475067392
243,1736095210.3315494,"[61, 62, 61, 25]","[11099439104, 11250434048, 11250434048, 11099439104]",4.8,78469738496
244,1736095211.3335638,"[48, 31, 35, 39]","[11099439104, 11250434048, 11250434048, 11099439104]",4.8,78466121728
245,1736095212.3355684,"[48, 51, 23, 21]","[11099439104, 11250434048, 11250434048, 11099439104]",4.8,78462713856
246,1736095213.3375967,"[62, 62, 46, 46]","[11099439104, 11250434048, 11250434048, 11099439104]",6.0,78461636608
247,1736095214.339633,"[45, 58, 61, 36]","[11099439104, 11250434048, 11250434048, 11099439104]",4.8,78448513024
248,1736095215.3414464,"[27, 25, 52, 24]","[11099439104, 11250434048, 11250434048, 11099439104]",4.8,78440824832
249,1736095216.3434737,"[39, 40, 27, 27]","[11099439104, 11250434048, 11250434048, 11099439104]",6.2,78440824832
250,1736095217.345447,"[8, 0, 0, 0]","[11099439104, 11250434048, 11250434048, 11099439104]",6.9,78436962304
251,1736095218.3476324,"[0, 0, 0, 0]","[10174595072, 10174595072, 10174595072, 10174595072]",4.4,76195352576
